Prodotto;Unit;Mese;SettimanaPerMese;PrezzoMedio;Piazza/Comune;Varieta;Anno
Uova Di Gallina Da Consumo-Allevamento A Terra;euro/100 unit;gen;I;15.23;FORLI';L (Tra 63 E 73 Gr);2022
Uova Di Gallina Da Consumo-Allevamento A Terra;euro/100 unit;gen;II;15.23;FORLI';L (Tra 63 E 73 Gr);2022
Uova Di Gallina Da Consumo-Allevamento A Terra;euro/100 unit;gen;III;15.23;FORLI';L (Tra 63 E 73 Gr);2022
Uova Di Gallina Da Consumo-Allevamento A Terra;euro/100 unit;gen;IV;15.28;FORLI';L (Tra 63 E 73 Gr);2022
Uova Di Gallina Da Consumo-Allevamento A Terra;euro/100 unit;feb;I;15.28;FORLI';L (Tra 63 E 73 Gr);2022
Uova Di Gallina Da Consumo-Allevamento A Terra;euro/100 unit;feb;II;15.33;FORLI';L (Tra 63 E 73 Gr);2022
Uova Di Gallina Da Consumo-Allevamento A Terra;euro/100 unit;feb;III;15.53;FORLI';L (Tra 63 E 73 Gr);2022
Uova Di Gallina Da Consumo-Allevamento A Terra;euro/100 unit;feb;IV;15.68;FORLI';L (Tra 63 E 73 Gr);2022
Uova Di Gallina Da Consumo-Allevamento A Terra;euro/100 unit;mar;I;15.93;FORLI';L (Tra 63 E 73 Gr);2022
Uova Di Gallina Da Consumo-Allevamento A Terra;euro/100 unit;mar;II;16.28;FORLI';L (Tra 63 E 73 Gr);2022
Uova Di Gallina Da Consumo-Allevamento A Terra;euro/100 unit;mar;III;16.60;FORLI';L (Tra 63 E 73 Gr);2022
Uova Di Gallina Da Consumo-Allevamento A Terra;euro/100 unit;mar;IV;16.85;FORLI';L (Tra 63 E 73 Gr);2022
Uova Di Gallina Da Consumo-Allevamento A Terra;euro/100 unit;mar;V;16.85;FORLI';L (Tra 63 E 73 Gr);2022
Uova Di Gallina Da Consumo-Allevamento A Terra;euro/100 unit;apr;I;16.85;FORLI';L (Tra 63 E 73 Gr);2022
Uova Di Gallina Da Consumo-Allevamento A Terra;euro/100 unit;apr;II;16.75;FORLI';L (Tra 63 E 73 Gr);2022
Uova Di Gallina Da Consumo-Allevamento A Terra;euro/100 unit;apr;III;16.75;FORLI';L (Tra 63 E 73 Gr);2022
Uova Di Gallina Da Consumo-Allevamento A Terra;euro/100 unit;apr;IV;16.75;FORLI';L (Tra 63 E 73 Gr);2022
Uova Di Gallina Da Consumo-Allevamento A Terra;euro/100 unit;mag;I;16.49;FORLI';L (Tra 63 E 73 Gr);2022
Uova Di Gallina Da Consumo-Allevamento A Terra;euro/100 unit;mag;II;16.54;FORLI';L (Tra 63 E 73 Gr);2022
Uova Di Gallina Da Consumo-Allevamento A Terra;euro/100 unit;mag;III;16.53;FORLI';L (Tra 63 E 73 Gr);2022
Uova Di Gallina Da Consumo-Allevamento A Terra;euro/100 unit;mag;IV;16.53;FORLI';L (Tra 63 E 73 Gr);2022
Uova Di Gallina Da Consumo-Allevamento A Terra;euro/100 unit;giu;I;16.53;FORLI';L (Tra 63 E 73 Gr);2022
Uova Di Gallina Da Consumo-Allevamento A Terra;euro/100 unit;giu;II;16.53;FORLI';L (Tra 63 E 73 Gr);2022
Uova Di Gallina Da Consumo-Allevamento A Terra;euro/100 unit;giu;III;16.53;FORLI';L (Tra 63 E 73 Gr);2022
Uova Di Gallina Da Consumo-Allevamento A Terra;euro/100 unit;giu;IV;16.53;FORLI';L (Tra 63 E 73 Gr);2022
Uova Di Gallina Da Consumo-Allevamento A Terra;euro/100 unit;giu;V;16.53;FORLI';L (Tra 63 E 73 Gr);2022
Uova Di Gallina Da Consumo-Allevamento A Terra;euro/100 unit;lug;I;16.53;FORLI';L (Tra 63 E 73 Gr);2022
Uova Di Gallina Da Consumo-Allevamento A Terra;euro/100 unit;lug;II;16.57;FORLI';L (Tra 63 E 73 Gr);2022
Uova Di Gallina Da Consumo-Allevamento A Terra;euro/100 unit;lug;III;16.58;FORLI';L (Tra 63 E 73 Gr);2022
Uova Di Gallina Da Consumo-Allevamento A Terra;euro/100 unit;lug;IV;16.66;FORLI';L (Tra 63 E 73 Gr);2022
Uova Di Gallina Da Consumo-Allevamento A Terra;euro/100 unit;ago;I;16.66;FORLI';L (Tra 63 E 73 Gr);2022
Uova Di Gallina Da Consumo-Allevamento A Terra;euro/100 unit;ago;II;16.63;FORLI';L (Tra 63 E 73 Gr);2022
Uova Di Gallina Da Consumo-Allevamento A Terra;euro/100 unit;ago;III;16.63;FORLI';L (Tra 63 E 73 Gr);2022
Uova Di Gallina Da Consumo-Allevamento A Terra;euro/100 unit;ago;IV;16.71;FORLI';L (Tra 63 E 73 Gr);2022
Uova Di Gallina Da Consumo-Allevamento A Terra;euro/100 unit;set;I;16.99;FORLI';L (Tra 63 E 73 Gr);2022
Uova Di Gallina Da Consumo-Allevamento A Terra;euro/100 unit;set;II;17.30;FORLI';L (Tra 63 E 73 Gr);2022
Uova Di Gallina Da Consumo-Allevamento A Terra;euro/100 unit;set;III;17.42;FORLI';L (Tra 63 E 73 Gr);2022
Uova Di Gallina Da Consumo-Allevamento A Terra;euro/100 unit;set;IV;17.41;FORLI';L (Tra 63 E 73 Gr);2022
Uova Di Gallina Da Consumo-Allevamento A Terra;euro/100 unit;set;V;17.54;FORLI';L (Tra 63 E 73 Gr);2022
Uova Di Gallina Da Consumo-Allevamento A Terra;euro/100 unit;ott;I;17.84;FORLI';L (Tra 63 E 73 Gr);2022
Uova Di Gallina Da Consumo-Allevamento A Terra;euro/100 unit;ott;II;18.18;FORLI';L (Tra 63 E 73 Gr);2022
Uova Di Gallina Da Consumo-Allevamento A Terra;euro/100 unit;ott;III;18.41;FORLI';L (Tra 63 E 73 Gr);2022
Uova Di Gallina Da Consumo-Allevamento A Terra;euro/100 unit;ott;IV;18.49;FORLI';L (Tra 63 E 73 Gr);2022
Uova Di Gallina Da Consumo-Allevamento A Terra;euro/100 unit;nov;I;18.65;FORLI';L (Tra 63 E 73 Gr);2022
Uova Di Gallina Da Consumo-Allevamento A Terra;euro/100 unit;nov;II;18.67;FORLI';L (Tra 63 E 73 Gr);2022
Uova Di Gallina Da Consumo-Allevamento A Terra;euro/100 unit;nov;III;18.75;FORLI';L (Tra 63 E 73 Gr);2022
Uova Di Gallina Da Consumo-Allevamento A Terra;euro/100 unit;nov;IV;18.95;FORLI';L (Tra 63 E 73 Gr);2022
Uova Di Gallina Da Consumo-Allevamento A Terra;euro/100 unit;dic;I;18.95;FORLI';L (Tra 63 E 73 Gr);2022
Uova Di Gallina Da Consumo-Allevamento A Terra;euro/100 unit;dic;II;18.95;FORLI';L (Tra 63 E 73 Gr);2022
Uova Di Gallina Da Consumo-Allevamento A Terra;euro/100 unit;gen;I;15.23;FORLI';M (Tra 53 E 63 Gr);2022
Uova Di Gallina Da Consumo-Allevamento A Terra;euro/100 unit;gen;II;15.23;FORLI';M (Tra 53 E 63 Gr);2022
Uova Di Gallina Da Consumo-Allevamento A Terra;euro/100 unit;gen;III;15.23;FORLI';M (Tra 53 E 63 Gr);2022
Uova Di Gallina Da Consumo-Allevamento A Terra;euro/100 unit;gen;IV;15.28;FORLI';M (Tra 53 E 63 Gr);2022
Uova Di Gallina Da Consumo-Allevamento A Terra;euro/100 unit;feb;I;15.28;FORLI';M (Tra 53 E 63 Gr);2022
Uova Di Gallina Da Consumo-Allevamento A Terra;euro/100 unit;feb;II;15.33;FORLI';M (Tra 53 E 63 Gr);2022
Uova Di Gallina Da Consumo-Allevamento A Terra;euro/100 unit;feb;III;15.53;FORLI';M (Tra 53 E 63 Gr);2022
Uova Di Gallina Da Consumo-Allevamento A Terra;euro/100 unit;feb;IV;15.68;FORLI';M (Tra 53 E 63 Gr);2022
Uova Di Gallina Da Consumo-Allevamento A Terra;euro/100 unit;mar;I;15.93;FORLI';M (Tra 53 E 63 Gr);2022
Uova Di Gallina Da Consumo-Allevamento A Terra;euro/100 unit;mar;II;16.28;FORLI';M (Tra 53 E 63 Gr);2022
Uova Di Gallina Da Consumo-Allevamento A Terra;euro/100 unit;mar;III;16.60;FORLI';M (Tra 53 E 63 Gr);2022
Uova Di Gallina Da Consumo-Allevamento A Terra;euro/100 unit;mar;IV;16.85;FORLI';M (Tra 53 E 63 Gr);2022
Uova Di Gallina Da Consumo-Allevamento A Terra;euro/100 unit;mar;V;16.85;FORLI';M (Tra 53 E 63 Gr);2022
Uova Di Gallina Da Consumo-Allevamento A Terra;euro/100 unit;apr;I;16.85;FORLI';M (Tra 53 E 63 Gr);2022
Uova Di Gallina Da Consumo-Allevamento A Terra;euro/100 unit;apr;II;16.75;FORLI';M (Tra 53 E 63 Gr);2022
Uova Di Gallina Da Consumo-Allevamento A Terra;euro/100 unit;apr;III;16.75;FORLI';M (Tra 53 E 63 Gr);2022
Uova Di Gallina Da Consumo-Allevamento A Terra;euro/100 unit;apr;IV;16.75;FORLI';M (Tra 53 E 63 Gr);2022
Uova Di Gallina Da Consumo-Allevamento A Terra;euro/100 unit;mag;I;16.49;FORLI';M (Tra 53 E 63 Gr);2022
Uova Di Gallina Da Consumo-Allevamento A Terra;euro/100 unit;mag;II;16.54;FORLI';M (Tra 53 E 63 Gr);2022
Uova Di Gallina Da Consumo-Allevamento A Terra;euro/100 unit;mag;III;16.53;FORLI';M (Tra 53 E 63 Gr);2022
Uova Di Gallina Da Consumo-Allevamento A Terra;euro/100 unit;mag;IV;16.53;FORLI';M (Tra 53 E 63 Gr);2022
Uova Di Gallina Da Consumo-Allevamento A Terra;euro/100 unit;giu;I;16.53;FORLI';M (Tra 53 E 63 Gr);2022
Uova Di Gallina Da Consumo-Allevamento A Terra;euro/100 unit;giu;II;16.53;FORLI';M (Tra 53 E 63 Gr);2022
Uova Di Gallina Da Consumo-Allevamento A Terra;euro/100 unit;giu;III;16.53;FORLI';M (Tra 53 E 63 Gr);2022
Uova Di Gallina Da Consumo-Allevamento A Terra;euro/100 unit;giu;IV;16.53;FORLI';M (Tra 53 E 63 Gr);2022
Uova Di Gallina Da Consumo-Allevamento A Terra;euro/100 unit;giu;V;16.53;FORLI';M (Tra 53 E 63 Gr);2022
Uova Di Gallina Da Consumo-Allevamento A Terra;euro/100 unit;lug;I;16.53;FORLI';M (Tra 53 E 63 Gr);2022
Uova Di Gallina Da Consumo-Allevamento A Terra;euro/100 unit;lug;II;16.57;FORLI';M (Tra 53 E 63 Gr);2022
Uova Di Gallina Da Consumo-Allevamento A Terra;euro/100 unit;lug;III;16.58;FORLI';M (Tra 53 E 63 Gr);2022
Uova Di Gallina Da Consumo-Allevamento A Terra;euro/100 unit;lug;IV;16.66;FORLI';M (Tra 53 E 63 Gr);2022
Uova Di Gallina Da Consumo-Allevamento A Terra;euro/100 unit;ago;I;16.66;FORLI';M (Tra 53 E 63 Gr);2022
Uova Di Gallina Da Consumo-Allevamento A Terra;euro/100 unit;ago;II;16.63;FORLI';M (Tra 53 E 63 Gr);2022
Uova Di Gallina Da Consumo-Allevamento A Terra;euro/100 unit;ago;III;16.63;FORLI';M (Tra 53 E 63 Gr);2022
Uova Di Gallina Da Consumo-Allevamento A Terra;euro/100 unit;ago;IV;16.71;FORLI';M (Tra 53 E 63 Gr);2022
Uova Di Gallina Da Consumo-Allevamento A Terra;euro/100 unit;set;I;16.99;FORLI';M (Tra 53 E 63 Gr);2022
Uova Di Gallina Da Consumo-Allevamento A Terra;euro/100 unit;set;II;17.30;FORLI';M (Tra 53 E 63 Gr);2022
Uova Di Gallina Da Consumo-Allevamento A Terra;euro/100 unit;set;III;17.42;FORLI';M (Tra 53 E 63 Gr);2022
Uova Di Gallina Da Consumo-Allevamento A Terra;euro/100 unit;set;IV;17.41;FORLI';M (Tra 53 E 63 Gr);2022
Uova Di Gallina Da Consumo-Allevamento A Terra;euro/100 unit;set;V;17.54;FORLI';M (Tra 53 E 63 Gr);2022
Uova Di Gallina Da Consumo-Allevamento A Terra;euro/100 unit;ott;I;17.84;FORLI';M (Tra 53 E 63 Gr);2022
Uova Di Gallina Da Consumo-Allevamento A Terra;euro/100 unit;ott;II;18.18;FORLI';M (Tra 53 E 63 Gr);2022
Uova Di Gallina Da Consumo-Allevamento A Terra;euro/100 unit;ott;III;18.41;FORLI';M (Tra 53 E 63 Gr);2022
Uova Di Gallina Da Consumo-Allevamento A Terra;euro/100 unit;ott;IV;18.49;FORLI';M (Tra 53 E 63 Gr);2022
Uova Di Gallina Da Consumo-Allevamento A Terra;euro/100 unit;nov;I;18.65;FORLI';M (Tra 53 E 63 Gr);2022
Uova Di Gallina Da Consumo-Allevamento A Terra;euro/100 unit;nov;II;18.67;FORLI';M (Tra 53 E 63 Gr);2022
Uova Di Gallina Da Consumo-Allevamento A Terra;euro/100 unit;nov;III;18.75;FORLI';M (Tra 53 E 63 Gr);2022
Uova Di Gallina Da Consumo-Allevamento A Terra;euro/100 unit;nov;IV;18.95;FORLI';M (Tra 53 E 63 Gr);2022
Uova Di Gallina Da Consumo-Allevamento A Terra;euro/100 unit;dic;I;18.95;FORLI';M (Tra 53 E 63 Gr);2022
Uova Di Gallina Da Consumo-Allevamento A Terra;euro/100 unit;dic;II;18.95;FORLI';M (Tra 53 E 63 Gr);2022
Uova Di Gallina Da Consumo-Allevamento A Terra;euro/100 unit;gen;I;14.4;FORLI';L (Tra 63 E 73 Gr);2021
Uova Di Gallina Da Consumo-Allevamento A Terra;euro/100 unit;gen;II;14.25;FORLI';L (Tra 63 E 73 Gr);2021
Uova Di Gallina Da Consumo-Allevamento A Terra;euro/100 unit;gen;III;14.1;FORLI';L (Tra 63 E 73 Gr);2021
Uova Di Gallina Da Consumo-Allevamento A Terra;euro/100 unit;gen;IV;14.1;FORLI';L (Tra 63 E 73 Gr);2021
Uova Di Gallina Da Consumo-Allevamento A Terra;euro/100 unit;feb;I;14.1;FORLI';L (Tra 63 E 73 Gr);2021
Uova Di Gallina Da Consumo-Allevamento A Terra;euro/100 unit;feb;II;14.35;FORLI';L (Tra 63 E 73 Gr);2021
Uova Di Gallina Da Consumo-Allevamento A Terra;euro/100 unit;feb;III;14.35;FORLI';L (Tra 63 E 73 Gr);2021
Uova Di Gallina Da Consumo-Allevamento A Terra;euro/100 unit;feb;IV;14.35;FORLI';L (Tra 63 E 73 Gr);2021
Uova Di Gallina Da Consumo-Allevamento A Terra;euro/100 unit;mar;I;14.4;FORLI';L (Tra 63 E 73 Gr);2021
Uova Di Gallina Da Consumo-Allevamento A Terra;euro/100 unit;mar;II;14.4;FORLI';L (Tra 63 E 73 Gr);2021
Uova Di Gallina Da Consumo-Allevamento A Terra;euro/100 unit;mar;III;14.48;FORLI';L (Tra 63 E 73 Gr);2021
Uova Di Gallina Da Consumo-Allevamento A Terra;euro/100 unit;mar;IV;14.55;FORLI';L (Tra 63 E 73 Gr);2021
Uova Di Gallina Da Consumo-Allevamento A Terra;euro/100 unit;apr;I;14.55;FORLI';L (Tra 63 E 73 Gr);2021
Uova Di Gallina Da Consumo-Allevamento A Terra;euro/100 unit;apr;II;14.55;FORLI';L (Tra 63 E 73 Gr);2021
Uova Di Gallina Da Consumo-Allevamento A Terra;euro/100 unit;apr;III;14.25;FORLI';L (Tra 63 E 73 Gr);2021
Uova Di Gallina Da Consumo-Allevamento A Terra;euro/100 unit;apr;IV;14;FORLI';L (Tra 63 E 73 Gr);2021
Uova Di Gallina Da Consumo-Allevamento A Terra;euro/100 unit;apr;V;13.65;FORLI';L (Tra 63 E 73 Gr);2021
Uova Di Gallina Da Consumo-Allevamento A Terra;euro/100 unit;mag;I;13.65;FORLI';L (Tra 63 E 73 Gr);2021
Uova Di Gallina Da Consumo-Allevamento A Terra;euro/100 unit;mag;II;13.6;FORLI';L (Tra 63 E 73 Gr);2021
Uova Di Gallina Da Consumo-Allevamento A Terra;euro/100 unit;mag;III;13.6;FORLI';L (Tra 63 E 73 Gr);2021
Uova Di Gallina Da Consumo-Allevamento A Terra;euro/100 unit;mag;IV;13.6;FORLI';L (Tra 63 E 73 Gr);2021
Uova Di Gallina Da Consumo-Allevamento A Terra;euro/100 unit;giu;I;13.6;FORLI';L (Tra 63 E 73 Gr);2021
Uova Di Gallina Da Consumo-Allevamento A Terra;euro/100 unit;giu;II;13.5;FORLI';L (Tra 63 E 73 Gr);2021
Uova Di Gallina Da Consumo-Allevamento A Terra;euro/100 unit;giu;III;13.5;FORLI';L (Tra 63 E 73 Gr);2021
Uova Di Gallina Da Consumo-Allevamento A Terra;euro/100 unit;giu;IV;13.5;FORLI';L (Tra 63 E 73 Gr);2021
Uova Di Gallina Da Consumo-Allevamento A Terra;euro/100 unit;lug;I;13.5;FORLI';L (Tra 63 E 73 Gr);2021
Uova Di Gallina Da Consumo-Allevamento A Terra;euro/100 unit;lug;II;13.35;FORLI';L (Tra 63 E 73 Gr);2021
Uova Di Gallina Da Consumo-Allevamento A Terra;euro/100 unit;lug;III;13.25;FORLI';L (Tra 63 E 73 Gr);2021
Uova Di Gallina Da Consumo-Allevamento A Terra;euro/100 unit;lug;IV;13.2;FORLI';L (Tra 63 E 73 Gr);2021
Uova Di Gallina Da Consumo-Allevamento A Terra;euro/100 unit;lug;V;13.2;FORLI';L (Tra 63 E 73 Gr);2021
Uova Di Gallina Da Consumo-Allevamento A Terra;euro/100 unit;ago;I;13.2;FORLI';L (Tra 63 E 73 Gr);2021
Uova Di Gallina Da Consumo-Allevamento A Terra;euro/100 unit;ago;II;13.2;FORLI';L (Tra 63 E 73 Gr);2021
Uova Di Gallina Da Consumo-Allevamento A Terra;euro/100 unit;ago;III;13.2;FORLI';L (Tra 63 E 73 Gr);2021
Uova Di Gallina Da Consumo-Allevamento A Terra;euro/100 unit;ago;IV;13.2;FORLI';L (Tra 63 E 73 Gr);2021
Uova Di Gallina Da Consumo-Allevamento A Terra;euro/100 unit;set;I;13.28;FORLI';L (Tra 63 E 73 Gr);2021
Uova Di Gallina Da Consumo-Allevamento A Terra;euro/100 unit;set;II;13.5;FORLI';L (Tra 63 E 73 Gr);2021
Uova Di Gallina Da Consumo-Allevamento A Terra;euro/100 unit;set;III;13.6;FORLI';L (Tra 63 E 73 Gr);2021
Uova Di Gallina Da Consumo-Allevamento A Terra;euro/100 unit;set;IV;13.78;FORLI';L (Tra 63 E 73 Gr);2021
Uova Di Gallina Da Consumo-Allevamento A Terra;euro/100 unit;set;V;13.78;FORLI';L (Tra 63 E 73 Gr);2021
Uova Di Gallina Da Consumo-Allevamento A Terra;euro/100 unit;ott;I;13.83;FORLI';L (Tra 63 E 73 Gr);2021
Uova Di Gallina Da Consumo-Allevamento A Terra;euro/100 unit;ott;II;13.83;FORLI';L (Tra 63 E 73 Gr);2021
Uova Di Gallina Da Consumo-Allevamento A Terra;euro/100 unit;ott;III;13.88;FORLI';L (Tra 63 E 73 Gr);2021
Uova Di Gallina Da Consumo-Allevamento A Terra;euro/100 unit;ott;IV;13.93;FORLI';L (Tra 63 E 73 Gr);2021
Uova Di Gallina Da Consumo-Allevamento A Terra;euro/100 unit;nov;I;13.93;FORLI';L (Tra 63 E 73 Gr);2021
Uova Di Gallina Da Consumo-Allevamento A Terra;euro/100 unit;nov;II;14.03;FORLI';L (Tra 63 E 73 Gr);2021
Uova Di Gallina Da Consumo-Allevamento A Terra;euro/100 unit;nov;III;14.08;FORLI';L (Tra 63 E 73 Gr);2021
Uova Di Gallina Da Consumo-Allevamento A Terra;euro/100 unit;nov;IV;14.13;FORLI';L (Tra 63 E 73 Gr);2021
Uova Di Gallina Da Consumo-Allevamento A Terra;euro/100 unit;dic;I;14.28;FORLI';L (Tra 63 E 73 Gr);2021
Uova Di Gallina Da Consumo-Allevamento A Terra;euro/100 unit;dic;II;14.53;FORLI';L (Tra 63 E 73 Gr);2021
Uova Di Gallina Da Consumo-Allevamento A Terra;euro/100 unit;dic;III;15.03;FORLI';L (Tra 63 E 73 Gr);2021
Uova Di Gallina Da Consumo-Allevamento A Terra;euro/100 unit;dic;IV;15.18;FORLI';L (Tra 63 E 73 Gr);2021
Uova Di Gallina Da Consumo-Allevamento A Terra;euro/100 unit;dic;V;15.18;FORLI';L (Tra 63 E 73 Gr);2021
Uova Di Gallina Da Consumo-Allevamento A Terra;euro/100 unit;gen;I;14.4;FORLI';M (Tra 53 E 63 Gr);2021
Uova Di Gallina Da Consumo-Allevamento A Terra;euro/100 unit;gen;II;14.25;FORLI';M (Tra 53 E 63 Gr);2021
Uova Di Gallina Da Consumo-Allevamento A Terra;euro/100 unit;gen;III;14.1;FORLI';M (Tra 53 E 63 Gr);2021
Uova Di Gallina Da Consumo-Allevamento A Terra;euro/100 unit;gen;IV;14.1;FORLI';M (Tra 53 E 63 Gr);2021
Uova Di Gallina Da Consumo-Allevamento A Terra;euro/100 unit;feb;I;14.1;FORLI';M (Tra 53 E 63 Gr);2021
Uova Di Gallina Da Consumo-Allevamento A Terra;euro/100 unit;feb;II;14.35;FORLI';M (Tra 53 E 63 Gr);2021
Uova Di Gallina Da Consumo-Allevamento A Terra;euro/100 unit;feb;III;14.35;FORLI';M (Tra 53 E 63 Gr);2021
Uova Di Gallina Da Consumo-Allevamento A Terra;euro/100 unit;feb;IV;14.35;FORLI';M (Tra 53 E 63 Gr);2021
Uova Di Gallina Da Consumo-Allevamento A Terra;euro/100 unit;mar;I;14.4;FORLI';M (Tra 53 E 63 Gr);2021
Uova Di Gallina Da Consumo-Allevamento A Terra;euro/100 unit;mar;II;14.4;FORLI';M (Tra 53 E 63 Gr);2021
Uova Di Gallina Da Consumo-Allevamento A Terra;euro/100 unit;mar;III;14.48;FORLI';M (Tra 53 E 63 Gr);2021
Uova Di Gallina Da Consumo-Allevamento A Terra;euro/100 unit;mar;IV;14.55;FORLI';M (Tra 53 E 63 Gr);2021
Uova Di Gallina Da Consumo-Allevamento A Terra;euro/100 unit;apr;I;14.55;FORLI';M (Tra 53 E 63 Gr);2021
Uova Di Gallina Da Consumo-Allevamento A Terra;euro/100 unit;apr;II;14.55;FORLI';M (Tra 53 E 63 Gr);2021
Uova Di Gallina Da Consumo-Allevamento A Terra;euro/100 unit;apr;III;14.25;FORLI';M (Tra 53 E 63 Gr);2021
Uova Di Gallina Da Consumo-Allevamento A Terra;euro/100 unit;apr;IV;14;FORLI';M (Tra 53 E 63 Gr);2021
Uova Di Gallina Da Consumo-Allevamento A Terra;euro/100 unit;apr;V;13.65;FORLI';M (Tra 53 E 63 Gr);2021
Uova Di Gallina Da Consumo-Allevamento A Terra;euro/100 unit;mag;I;13.65;FORLI';M (Tra 53 E 63 Gr);2021
Uova Di Gallina Da Consumo-Allevamento A Terra;euro/100 unit;mag;II;13.6;FORLI';M (Tra 53 E 63 Gr);2021
Uova Di Gallina Da Consumo-Allevamento A Terra;euro/100 unit;mag;III;13.6;FORLI';M (Tra 53 E 63 Gr);2021
Uova Di Gallina Da Consumo-Allevamento A Terra;euro/100 unit;mag;IV;13.6;FORLI';M (Tra 53 E 63 Gr);2021
Uova Di Gallina Da Consumo-Allevamento A Terra;euro/100 unit;giu;I;13.6;FORLI';M (Tra 53 E 63 Gr);2021
Uova Di Gallina Da Consumo-Allevamento A Terra;euro/100 unit;giu;II;13.5;FORLI';M (Tra 53 E 63 Gr);2021
Uova Di Gallina Da Consumo-Allevamento A Terra;euro/100 unit;giu;III;13.5;FORLI';M (Tra 53 E 63 Gr);2021
Uova Di Gallina Da Consumo-Allevamento A Terra;euro/100 unit;giu;IV;13.5;FORLI';M (Tra 53 E 63 Gr);2021
Uova Di Gallina Da Consumo-Allevamento A Terra;euro/100 unit;lug;I;13.5;FORLI';M (Tra 53 E 63 Gr);2021
Uova Di Gallina Da Consumo-Allevamento A Terra;euro/100 unit;lug;II;13.35;FORLI';M (Tra 53 E 63 Gr);2021
Uova Di Gallina Da Consumo-Allevamento A Terra;euro/100 unit;lug;III;13.25;FORLI';M (Tra 53 E 63 Gr);2021
Uova Di Gallina Da Consumo-Allevamento A Terra;euro/100 unit;lug;IV;13.2;FORLI';M (Tra 53 E 63 Gr);2021
Uova Di Gallina Da Consumo-Allevamento A Terra;euro/100 unit;lug;V;13.2;FORLI';M (Tra 53 E 63 Gr);2021
Uova Di Gallina Da Consumo-Allevamento A Terra;euro/100 unit;ago;I;13.2;FORLI';M (Tra 53 E 63 Gr);2021
Uova Di Gallina Da Consumo-Allevamento A Terra;euro/100 unit;ago;II;13.2;FORLI';M (Tra 53 E 63 Gr);2021
Uova Di Gallina Da Consumo-Allevamento A Terra;euro/100 unit;ago;III;13.2;FORLI';M (Tra 53 E 63 Gr);2021
Uova Di Gallina Da Consumo-Allevamento A Terra;euro/100 unit;ago;IV;13.2;FORLI';M (Tra 53 E 63 Gr);2021
Uova Di Gallina Da Consumo-Allevamento A Terra;euro/100 unit;set;I;13.28;FORLI';M (Tra 53 E 63 Gr);2021
Uova Di Gallina Da Consumo-Allevamento A Terra;euro/100 unit;set;II;13.5;FORLI';M (Tra 53 E 63 Gr);2021
Uova Di Gallina Da Consumo-Allevamento A Terra;euro/100 unit;set;III;13.6;FORLI';M (Tra 53 E 63 Gr);2021
Uova Di Gallina Da Consumo-Allevamento A Terra;euro/100 unit;set;IV;13.78;FORLI';M (Tra 53 E 63 Gr);2021
Uova Di Gallina Da Consumo-Allevamento A Terra;euro/100 unit;set;V;13.78;FORLI';M (Tra 53 E 63 Gr);2021
Uova Di Gallina Da Consumo-Allevamento A Terra;euro/100 unit;ott;I;13.83;FORLI';M (Tra 53 E 63 Gr);2021
Uova Di Gallina Da Consumo-Allevamento A Terra;euro/100 unit;ott;II;13.83;FORLI';M (Tra 53 E 63 Gr);2021
Uova Di Gallina Da Consumo-Allevamento A Terra;euro/100 unit;ott;III;13.88;FORLI';M (Tra 53 E 63 Gr);2021
Uova Di Gallina Da Consumo-Allevamento A Terra;euro/100 unit;ott;IV;13.93;FORLI';M (Tra 53 E 63 Gr);2021
Uova Di Gallina Da Consumo-Allevamento A Terra;euro/100 unit;nov;I;13.93;FORLI';M (Tra 53 E 63 Gr);2021
Uova Di Gallina Da Consumo-Allevamento A Terra;euro/100 unit;nov;II;14.03;FORLI';M (Tra 53 E 63 Gr);2021
Uova Di Gallina Da Consumo-Allevamento A Terra;euro/100 unit;nov;III;14.08;FORLI';M (Tra 53 E 63 Gr);2021
Uova Di Gallina Da Consumo-Allevamento A Terra;euro/100 unit;nov;IV;14.13;FORLI';M (Tra 53 E 63 Gr);2021
Uova Di Gallina Da Consumo-Allevamento A Terra;euro/100 unit;dic;I;14.28;FORLI';M (Tra 53 E 63 Gr);2021
Uova Di Gallina Da Consumo-Allevamento A Terra;euro/100 unit;dic;II;14.53;FORLI';M (Tra 53 E 63 Gr);2021
Uova Di Gallina Da Consumo-Allevamento A Terra;euro/100 unit;dic;III;15.03;FORLI';M (Tra 53 E 63 Gr);2021
Uova Di Gallina Da Consumo-Allevamento A Terra;euro/100 unit;dic;IV;15.18;FORLI';M (Tra 53 E 63 Gr);2021
Uova Di Gallina Da Consumo-Allevamento A Terra;euro/100 unit;dic;V;15.18;FORLI';M (Tra 53 E 63 Gr);2021
